hotel,amenities,policy,location,review
Hotel 1,"Free WiFi, Spa, Gym",Cancellation allowed within 48 hours,Near Calangute Beach,Very good stay and friendly staff
Hotel 2,"WiFi, Restaurant, Gym",Non-refundable booking,Mumbai City Center,Popular among business travelers
Hotel 3,"Free WiFi, Beach Access, Breakfast",Refundable within 72 hours,Goa Beachfront,Excellent reviews near the beach
Hotel 4,"WiFi, Pool, Spa",Free cancellation within 48 hours,Jaipur Heritage Area,Luxury experience with premium facilities
Hotel 5,"Free WiFi, Complimentary Breakfast, Swimming Pool",Free cancellation within 24 hours,Near Baga Beach,Excellent beachside hotel with great reviews
Hotel 6,"Free WiFi, Spa, Gym",Cancellation allowed within 48 hours,Near Calangute Beach,Very good stay and friendly staff
Hotel 7,"WiFi, Restaurant, Gym",Non-refundable booking,Mumbai City Center,Popular among business travelers
Hotel 8,"Free WiFi, Beach Access, Breakfast",Refundable within 72 hours,Goa Beachfront,Excellent reviews near the beach
Hotel 9,"WiFi, Pool, Spa",Free cancellation within 48 hours,Jaipur Heritage Area,Luxury experience with premium facilities
Hotel 10,"Free WiFi, Complimentary Breakfast, Swimming Pool",Free cancellation within 24 hours,Near Baga Beach,Excellent beachside hotel with great reviews
Hotel 11,"Free WiFi, Spa, Gym",Cancellation allowed within 48 hours,Near Calangute Beach,Very good stay and friendly staff
Hotel 12,"WiFi, Restaurant, Gym",Non-refundable booking,Mumbai City Center,Popular among business travelers
Hotel 13,"Free WiFi, Beach Access, Breakfast",Refundable within 72 hours,Goa Beachfront,Excellent reviews near the beach
Hotel 14,"WiFi, Pool, Spa",Free cancellation within 48 hours,Jaipur Heritage Area,Luxury experience with premium facilities
Hotel 15,"Free WiFi, Complimentary Breakfast, Swimming Pool",Free cancellation within 24 hours,Near Baga Beach,Excellent beachside hotel with great reviews
Hotel 16,"Free WiFi, Spa, Gym",Cancellation allowed within 48 hours,Near Calangute Beach,Very good stay and friendly staff
Hotel 17,"WiFi, Restaurant, Gym",Non-refundable booking,Mumbai City Center,Popular among business travelers
Hotel 18,"Free WiFi, Beach Access, Breakfast",Refundable within 72 hours,Goa Beachfront,Excellent reviews near the beach
Hotel 19,"WiFi, Pool, Spa",Free cancellation within 48 hours,Jaipur Heritage Area,Luxury experience with premium facilities
Hotel 20,"Free WiFi, Complimentary Breakfast, Swimming Pool",Free cancellation within 24 hours,Near Baga Beach,Excellent beachside hotel with great reviews
Hotel 21,"Free WiFi, Spa, Gym",Cancellation allowed within 48 hours,Near Calangute Beach,Very good stay and friendly staff
Hotel 22,"WiFi, Restaurant, Gym",Non-refundable booking,Mumbai City Center,Popular among business travelers
Hotel 23,"Free WiFi, Beach Access, Breakfast",Refundable within 72 hours,Goa Beachfront,Excellent reviews near the beach
Hotel 24,"WiFi, Pool, Spa",Free cancellation within 48 hours,Jaipur Heritage Area,Luxury experience with premium facilities
Hotel 25,"Free WiFi, Complimentary Breakfast, Swimming Pool",Free cancellation within 24 hours,Near Baga Beach,Excellent beachside hotel with great reviews
Hotel 26,"Free WiFi, Spa, Gym",Cancellation allowed within 48 hours,Near Calangute Beach,Very good stay and friendly staff
Hotel 27,"WiFi, Restaurant, Gym",Non-refundable booking,Mumbai City Center,Popular among business travelers
Hotel 28,"Free WiFi, Beach Access, Breakfast",Refundable within 72 hours,Goa Beachfront,Excellent reviews near the beach
Hotel 29,"WiFi, Pool, Spa",Free cancellation within 48 hours,Jaipur Heritage Area,Luxury experience with premium facilities
Hotel 30,"Free WiFi, Complimentary Breakfast, Swimming Pool",Free cancellation within 24 hours,Near Baga Beach,Excellent beachside hotel with great reviews
Hotel 31,"Free WiFi, Spa, Gym",Cancellation allowed within 48 hours,Near Calangute Beach,Very good stay and friendly staff
Hotel 32,"WiFi, Restaurant, Gym",Non-refundable booking,Mumbai City Center,Popular among business travelers
Hotel 33,"Free WiFi, Beach Access, Breakfast",Refundable within 72 hours,Goa Beachfront,Excellent reviews near the beach
Hotel 34,"WiFi, Pool, Spa",Free cancellation within 48 hours,Jaipur Heritage Area,Luxury experience with premium facilities
Hotel 35,"Free WiFi, Complimentary Breakfast, Swimming Pool",Free cancellation within 24 hours,Near Baga Beach,Excellent beachside hotel with great reviews
Hotel 36,"Free WiFi, Spa, Gym",Cancellation allowed within 48 hours,Near Calangute Beach,Very good stay and friendly staff
Hotel 37,"WiFi, Restaurant, Gym",Non-refundable booking,Mumbai City Center,Popular among business travelers
Hotel 38,"Free WiFi, Beach Access, Breakfast",Refundable within 72 hours,Goa Beachfront,Excellent reviews near the beach
Hotel 39,"WiFi, Pool, Spa",Free cancellation within 48 hours,Jaipur Heritage Area,Luxury experience with premium facilities
Hotel 40,"Free WiFi, Complimentary Breakfast, Swimming Pool",Free cancellation within 24 hours,Near Baga Beach,Excellent beachside hotel with great reviews
